1c64df70f2016714c24abcc69b56d46c,FileHash
d698fccf14f670595442155395f42642,FileHash
44ac1b727c9a4c94598b7b8fb25e2d2f,FileHash
44ac1b727c9a4c94598b7b8fb25e2d2f,FileHash
efb436b430520d36a1796aebcc97664b,FileHash
44b3f46a370faf94cc51386b4ccaab83,FileHash
7cae55670c96a8a4e138a4fa52a1bf80edcbc23f,FileHash
b5ab875388fd800f7594c53cff45404a7333581a,FileHash
a31a6f77f1595cdb3224f535ace59b313affd764,FileHash
986de6bc24a480f6d0ab631f21bd5f38d70490d9,FileHash
06f08afb839b200a6fd9647e555e19589bd042ce,FileHash
5de4215ba91bd52ae7371a049c23c8239302f3a5,FileHash
08f93351d0d3905bee5b0c2b9215d448abb0d3cf49c0f8b666c46df4fcc007cb,FileHash
3bff571823421c013e79cc10793f238f4252f7d7ac91f9ef41435af0a8c09a39,FileHash
56ca24b57c4559f834c190d50b0fe89dd4a4040a078ca1f267d0bbc7849e9ed7,FileHash
926a947ea2b59d3e9a5a6875b4de2bd071b15260370f4da5e2a60ece3517a32f,FileHash
af5fb99d3ff18bc625fb63f792ed7cd955171ab509c2f8e7c7ee44515e09cebf,FileHash
c49b4d370ad0dcd1e28ee8f525ac8e3c12a34cfcf62ebb733ec74cca59b29f82,FileHash
word-template.net,URL
openxmlformat.org,URL
ms-office.services,URL
ms-offices.com,URL
template-openxml.com,
